adult female bobcat,allows,mate to help
adult female river otter,allows,mate to help
baby marten,begins,to crawl
baby western spotted skunk,begins,to crawl
baby striped skunk,begins,to crawl
beaver,builds,dam
adult striped skunk,builds,nest
adult female least weasel,can,be in heat
raccoon,can,be tamed
river otter,can,be tamed
adult female polar bear,can,breed
adult female wolverine,can,breed
adult bobcat,can,climb
adult cougar,can,climb
adult ermine,can,climb
adult lynx,can,climb
adult raccoon,can,climb
adult western spotted skunk,can,climb
adult wolverine,can,climb
adult black bear,can,climb
grey fox,can,climb
moose,can,dive
baby sea otter,can,float
baby little brown bat,can,fly
adult black bear,can,run
adult striped skunk,can,run
adult polar bear,can,run
adult swift fox,can,run
adult wolf,can,run
adult western spotted skunk,can,run
adult raccoon,can,run
muskrat,can,stay underwater
adult sea otter,can,stay underwater
adult polar bear,can,stay underwater
adult black bear,can,swim
adult bobcat,can,swim
adult cougar,can,swim
adult coyote,can,swim
adult ermine,can,swim
adult fisher,can,swim
adult lynx,can,swim
adult marten,can,swim
adult mink,can,swim
adult raccoon,can,swim
adult river otter,can,swim
adult wolverine,can,swim
caribou,can,swim
moose,can,swim
adult sea otter,can,swim
beaver,can,swim
polar bear,can,swim
adult polar bear,can,swim
muskrat,can,swim
polar bear,can be killed by,humans
wolverine,can be killed by,humans
polar bear,can be killed by,killer whale
polar bear,can be killed by,male walrus
wolverine,can be killed by,porcupines
wolverine,can be killed by,wolves
adult female bobcat,chases away,her mate when babies are born
adult female river otter,chases away,her mate when babies are born
adult female striped skunk,chases away,opposite sex after mating
adult marten,chases away,opposite sex after mating
deer,chews,its cud
muskox,chews,its cud
adult wolverine,defends food against,grizzly bear
adult wolverine,defends food against,wolf
ermine,depends on,mice
adult coyote,digs,den
adult female polar bear,digs,den
adult ermine,does,change colour
adult badger,does,fight
baby ermine,does,grow
adult striped skunk,does,hibernate
adult polar bear,does,hibernate
badger,does,hibernate
bat,does,hibernate
striped skunk,does,hibernate
baby striped skunk,does,hibernate
adult badger,does,hunt
adult wolf,does,kill prey
adult least weasel,does,kill prey
adult ermine,does,kill prey
baby sea otter,does,leaves its mother
baby mink,does,leaves its mother
swift fox cub,does,leaves its mother
adult lynx,does,mark territory
adult bobcat,does,mark territory
adult wolf,does,mark territory
adult male cougar,does,mark territory
caribou,does,migrates
baby marten,does,opens ears
baby ermine,does,opens eyes
baby fisher,does,opens eyes
baby least weasel,does,opens eyes
baby long-tailed weasel,does,opens eyes
baby marten,does,opens eyes
baby mink,does,opens eyes
baby raccoon,does,opens eyes
baby river otter,does,opens eyes
baby striped skunk,does,opens eyes
baby western spotted skunk,does,opens eyes
bobcat kitten,does,opens eyes
cougar kitten,does,opens eyes
lynx kitten,does,opens eyes
polar bear cub,does,opens eyes
red fox cub,does,opens eyes
wolf cub,does,opens eyes
grey fox cub,does,reach adult size
swift fox cub,does,reach adult size
adult female cougar,does,reach sexual maturity
adult female ermine,does,reach sexual maturity
adult female mink,does,reach sexual maturity
adult female wolf,does,reach sexual maturity
adult fisher,does,reach sexual maturity
adult grey fox,does,reach sexual maturity
adult least weasel,does,reach sexual maturity
adult male cougar,does,reach sexual maturity
adult male mink,does,reach sexual maturity
adult male wolf,does,reach sexual maturity
adult marten,does,reach sexual maturity
adult polar bear,does,reach sexual maturity
adult red fox,does,reach sexual maturity
adult river otter,does,reach sexual maturity
adult sea otter,does,reach sexual maturity
little brown bat,does,roost
hoary bat,does,roost
adult lynx,does,travel
adult fisher,does,travel
adult female cougar,does,wean babies
adult female coyote,does,wean babies
adult black bear,does not,hibernate
grizzly bear,does not,hibernate
human,does not,hibernate
western spotted skunk,does not,hibernate
adult male cougar,does not,raise babies
baby sea otter,does not,swim
female white-tailed deer,does not have,antlers
adult red fox,eats,acorn
white-tailed deer,eats,acorn
adult least weasel,eats,amphibian
adult marten,eats,amphibian
adult grey fox,eats,apple
beaver,eats,aquatic plant
adult striped skunk,eats,baby bird
adult wolverine,eats,baby bird
adult cougar,eats,beaver
adult wolf,eats,beaver
adult wolverine,eats,beaver
adult river otter,eats,beaver
adult coyote,eats,beef calf
adult red fox,eats,beetle
adult Arctic fox,eats,berries
adult black bear,eats,berries
adult long-tailed weasel,eats,berries
adult marten,eats,berries
adult polar bear,eats,berries
adult red fox,eats,berries
adult wolverine,eats,berries
adult wolf,eats,berries
adult cougar,eats,bighorn sheep
adult wolf,eats,bighorn sheep
adult bobcat,eats,bird
adult cougar,eats,bird
adult grey fox,eats,bird
adult lynx,eats,bird
adult raccoon,eats,bird
adult wolf,eats,bird
adult Arctic fox,eats,bird
adult badger,eats,bird
adult black bear,eats,bird
adult black-footed ferret,eats,bird
adult ermine,eats,bird
adult fisher,eats,bird
adult long-tailed weasel,eats,bird
adult mink,eats,bird
adult red fox,eats,bird
adult western spotted skunk,eats,bird
adult wolverine,eats,birds' eggs
adult marten,eats,birds' eggs
adult wolf,eats,bison
white-tailed deer,eats,blueberries
white-tailed deer,eats,buds
adult striped skunk,eats,buds
muskrat,eats,bulrushes
adult wolf,eats,caribou
adult wolverine,eats,caribou
adult black bear,eats,caribou
adult Arctic fox,eats,carrion
adult black bear,eats,carrion
adult coyote,eats,carrion
adult fisher,eats,carrion
adult polar bear,eats,carrion
adult striped skunk,eats,carrion
adult western spotted skunk,eats,carrion
adult wolverine,eats,carrion
adult lynx,eats,carrion
adult red fox,eats,caterpillars
muskrat,eats,cattails
adult long-tailed weasel,eats,chickens
adult ermine,eats,chipmunk
adult long-tailed weasel,eats,chipmunk
muskrat,eats,clam
adult grey fox,eats,corn
adult raccoon,eats,corn
adult red fox,eats,corn
adult western spotted skunk,eats,corn
adult grey fox,eats,cottontail rabbit
adult raccoon,eats,cottontail rabbit
adult black-footed ferret,eats,cottontail rabbit
adult long-tailed weasel,eats,cottontail rabbit
adult mink,eats,cottontail rabbit
adult red fox,eats,cottontail rabbit
adult western spotted skunk,eats,cottontail rabbit
adult polar bear,eats,crabs
adult sea otter,eats,crabs
adult mink,eats,crayfish
adult raccoon,eats,crayfish
adult red fox,eats,crayfish
adult striped skunk,eats,crayfish
adult red fox,eats,crickets
adult bobcat,eats,deer
adult cougar,eats,deer
adult coyote,eats,deer
adult wolf,eats,deer
adult black bear,eats,deer fawn
adult fisher,eats,deer mouse
adult least weasel,eats,deer mouse
adult long-tailed weasel,eats,deer mouse
adult grey fox,eats,deer mouse
adult marten,eats,deer mouse
adult raccoon,eats,deer mouse
adult coyote,eats,domestic poultry
adult coyote,eats,domestic sheep
adult cougar,eats,domestic stock
adult ermine,eats,earthworms
adult mink,eats,earthworms
adult Arctic fox,eats,eggs
adult polar bear,eats,eggs
adult striped skunk,eats,eggs
adult western spotted skunk,eats,eggs
adult cougar,eats,elk
adult wolf,eats,elk
adult black bear,eats,elk
white-tailed deer,eats,fiddleheads
adult marten,eats,field vole
adult western spotted skunk,eats,field vole
adult Arctic fox,eats,fish
adult black bear,eats,fish
adult ermine,eats,fish
adult grey fox,eats,fish
adult grizzly bear,eats,fish
adult mink,eats,fish
adult polar bear,eats,fish
adult raccoon,eats,fish
adult red fox,eats,fish
adult river otter,eats,fish
adult sea otter,eats,fish
adult wolf,eats,fish
adult wolverine,eats,fish
muskrat,eats,fish
caribou,eats,flowers
adult fisher,eats,flying squirrel
bison,eats,forb
adult lynx,eats,fox
adult raccoon,eats,frog
adult ermine,eats,frog
adult mink,eats,frog
adult red fox,eats,frog
adult river otter,eats,frog
adult striped skunk,eats,frog
adult western spotted skunk,eats,frog
muskrat,eats,frog
adult fisher,eats,fruit
adult raccoon,eats,fruit
adult red fox,eats,fruit
adult striped skunk,eats,fruit
adult western spotted skunk,eats,fruit
adult wolf,eats,fruit
adult coyote,eats,fruit
beaver,eats,fruits
adult striped skunk,eats,grains
adult polar bear,eats,grass
adult wolf,eats,grass
white-tailed deer,eats,grass
adult red fox,eats,grass
beaver,eats,grass
bison,eats,grass
caribou,eats,grass
muskox,eats,grass
adult striped skunk,eats,grass
adult red fox,eats,grasshoppers
bison,eats,ground forage
adult wolf,eats,ground squirrel
adult Arctic fox,eats,ground squirrel
adult badger,eats,ground squirrel
adult black-footed ferret,eats,ground squirrel
adult ermine,eats,ground squirrel
adult long-tailed weasel,eats,ground squirrel
adult wolverine,eats,ground squirrel
adult grey fox,eats,groundhog
adult red fox,eats,groundhog
adult marten,eats,grouse
adult raccoon,eats,grub
adult bobcat,eats,hare
adult wolf,eats,hare
adult coyote,eats,hare
adult ermine,eats,hare
adult marten,eats,hare
adult least weasel,eats,harvest mouse
adult long-tailed weasel,eats,harvest mouse
adult grey fox,eats,harvest mouse
beaver,eats,herbs
white-tailed deer,eats,herbs
adult black bear,eats,honey
muskrat,eats,horsetails
adult least weasel,eats,house mouse
adult long-tailed weasel,eats,house mouse
adult western spotted skunk,eats,house mouse
adult polar bear,eats,humans
adult bobcat,eats,insect
adult grey fox,eats,insect
adult raccoon,eats,insect
adult wolf,eats,insect
adult badger,eats,insect
adult black bear,eats,insect
adult coyote,eats,insect
adult fisher,eats,insect
adult least weasel,eats,insect
adult long-tailed weasel,eats,insect
adult mink,eats,insect
adult river otter,eats,insect
adult striped skunk,eats,insect
adult western spotted skunk,eats,insect
bat,eats,insect
adult black-footed ferret,eats,jack rabbit
adult badger,eats,kangaroo rat
adult long-tailed weasel,eats,least weasel
adult striped skunk,eats,leaves
moose,eats,leaves
white-tailed deer,eats,leaves
caribou,eats,leaves
beaver,eats,leaves
adult Arctic fox,eats,lemming
adult polar bear,eats,lemming
caribou,eats,lichen
adult sea otter,eats,limpets
adult bobcat,eats,livestock
adult bobcat,eats,lizard
adult western spotted skunk,eats,lizard
adult striped skunk,eats,lizard
adult grizzly bear,eats,mammal
adult wolf,eats,marmot
adult lynx,eats,meadow vole
adult raccoon,eats,meadow vole
adult least weasel,eats,meadow vole
adult long-tailed weasel,eats,meadow vole
adult mink,eats,meadow vole
adult river otter,eats,meadow vole
cougar kitten,eats,meat
adult fisher,eats,mink
adult striped skunk,eats,minnows
adult red fox,eats,mole
adult striped skunk,eats,mollusks
adult cougar,eats,moose
adult wolf,eats,moose
adult wolverine,eats,moose
adult black bear,eats,moose
adult cougar,eats,mountain beaver
adult ermine,eats,mountain beaver
adult cougar,eats,mountain goat
adult wolverine,eats,mountain goat
adult ermine,eats,mouse
adult red fox,eats,mouse
adult wolverine,eats,mouse
adult bobcat,eats,mouse
adult cougar,eats,mouse
adult wolf,eats,mouse
adult black-footed ferret,eats,mouse
adult polar bear,eats,mushrooms
white-tailed deer,eats,mushrooms
adult wolf,eats,muskox
adult fisher,eats,muskrat
adult wolf,eats,muskrat
adult mink,eats,muskrat
adult red fox,eats,muskrat
adult river otter,eats,muskrat
adult polar bear,eats,mussels
adult sea otter,eats,mussels
adult river otter,eats,newts
adult long-tailed weasel,eats,Norway rat
adult western spotted skunk,eats,Norway rat
adult striped skunk,eats,nuts
adult grey fox,eats,nuts
adult black bear,eats,nuts
adult ermine,eats,pika
adult long-tailed weasel,eats,pika
adult grizzly bear,eats,plants
adult western spotted skunk,eats,plants
adult badger,eats,pocket gopher
adult ermine,eats,pocket gopher
adult long-tailed weasel,eats,pocket gopher
adult badger,eats,pocket mouse
muskrat,eats,pondweeds
adult bobcat,eats,porcupine
adult cougar,eats,porcupine
adult ermine,eats,porcupine
adult fisher,eats,porcupine
adult wolverine,eats,porcupine
adult badger,eats,prairie dog
adult black-footed ferret,eats,prairie dog
adult long-tailed weasel,eats,prairie dog
adult least weasel,eats,prairie vole
adult bobcat,eats,rabbit
adult wolf,eats,rabbit
adult coyote,eats,rabbit
adult bobcat,eats,rat
adult ermine,eats,rat
adult fisher,eats,red squirrel
adult long-tailed weasel,eats,red squirrel
adult least weasel,eats,red-backed vole
adult marten,eats,red-backed vole
adult coyote,eats,rodent
adult long-tailed weasel,eats,roof rat
adult wolverine,eats,roots
adult mink,eats,salamanders
adult sea otter,eats,sea urchins
adult polar bear,eats,seal
muskox,eats,sedge
bison,eats,sedge
muskrat,eats,sedge
adult bobcat,eats,shrew
adult grey fox,eats,shrew
adult ermine,eats,shrew
adult fisher,eats,shrew
adult long-tailed weasel,eats,shrew
adult marten,eats,shrew
adult mink,eats,shrew
adult red fox,eats,shrew
adult river otter,eats,shrew
moose,eats,shrubs
moose,eats,shrubs
adult lynx,eats,skunk
adult black bear,eats,small mammal
adult striped skunk,eats,small mammal
adult Arctic fox,eats,small marine animal
adult badger,eats,snails
adult sea otter,eats,snails
adult striped skunk,eats,snake
adult bobcat,eats,snake
adult black-footed ferret,eats,snake
adult ermine,eats,snake
adult long-tailed weasel,eats,snake
adult red fox,eats,snake
adult western spotted skunk,eats,snake
adult cougar,eats,snowshoe hare
adult lynx,eats,snowshoe hare
adult fisher,eats,snowshoe hare
adult red fox,eats,snowshoe hare
adult bobcat,eats,squirrel
adult lynx,eats,squirrel
adult raccoon,eats,squirrel
adult ermine,eats,squirrel
adult marten,eats,squirrel
adult red fox,eats,squirrel
adult polar bear,eats,starfish
adult river otter,eats,tadpoles
beaver,eats,tree bark
moose,eats,tree bark
adult raccoon,eats,turtle
moose,eats,twigs
white-tailed deer,eats,twigs
moose,eats,upland plants
adult fisher,eats,vole
adult badger,eats,vole
adult ermine,eats,vole
adult black-footed ferret,eats,vole
adult polar bear,eats,walrus
moose,eats,water plants
muskrat,eats,wild rice
muskox,eats,willows
muskrat,eats,willows
adult long-tailed weasel,eats,wood rat
adult female red fox,gives birth in,April
adult female badger,gives birth in,April
adult female bobcat,gives birth in,April
adult female ermine,gives birth in,April
adult female fisher,gives birth in,April
adult female long-tailed weasel,gives birth in,April
adult female marten,gives birth in,April
adult female mink,gives birth in,April
adult female raccoon,gives birth in,April
adult female red fox,gives birth in,April
adult female swift fox,gives birth in,April
adult female wolverine,gives birth in,April
adult female bobcat,gives birth in,August
adult female cougar,gives birth in,February
adult female black bear,gives birth in,February
adult female grizzly bear,gives birth in,February
adult female black bear,gives birth in,January
adult female grizzly bear,gives birth in,January
adult female cougar,gives birth in,July
female little brown bat,gives birth in,June
adult female lynx,gives birth in,June
female beaver,gives birth in,June
adult female red fox,gives birth in,March
adult female fisher,gives birth in,March
adult female long-tailed weasel,gives birth in,March
adult female marten,gives birth in,March
adult female swift fox,gives birth in,March
adult female wolverine,gives birth in,March
adult female red fox,gives birth in,May
adult female striped skunk,gives birth in,May
adult female wolf,gives birth in,May
adult female badger,gives birth in,May
adult female bobcat,gives birth in,May
adult female ermine,gives birth in,May
adult female lynx,gives birth in,May
adult female mink,gives birth in,May
adult female raccoon,gives birth in,May
adult female red fox,gives birth in,May
female beaver,gives birth in,May
adult female bobcat,gives birth in,October
muskrat,gives birth to,litters
adult female least weasel,gives birth to,litters
adult female lynx,gives birth to,litters
adult female mink,gives birth to,litters
female mammal,gives birth to,live babies
bull moose,has,antlers
female little brown bat,has,babies
female moose,has,babies
female white-tailed deer,has,babies
female beaver,has,babies
female muskrat,has,babies
adult female Arctic fox,has,babies
adult female badger,has,babies
adult female black bear,has,babies
adult female bobcat,has,babies
adult female cougar,has,babies
adult female coyote,has,babies
adult female ermine,has,babies
adult female fisher,has,babies
adult female grey fox,has,babies
adult female grizzly bear,has,babies
adult female least weasel,has,babies
adult female long-tailed weasel,has,babies
adult female lynx,has,babies
adult female marten,has,babies
adult female mink,has,babies
adult female polar bear,has,babies
adult female raccoon,has,babies
adult female red fox,has,babies
adult female river otter,has,babies
adult female sea otter,has,babies
adult female striped skunk,has,babies
adult female swift fox,has,babies
adult female western spotted skunk,has,babies
adult female wolf,has,babies
adult female wolverine,has,babies
female mammal,has,babies
bear,has,Family Name
beaver,has,Family Name
bison,has,Family Name
cat,has,Family Name
dog,has,Family Name
human,has,Family Name
mole,has,Family Name
mountain beaver,has,Family Name
muskox,has,Family Name
porcupine,has,Family Name
raccoon,has,Family Name
"rat, mouse or vole",has,Family Name
shrew,has,Family Name
smooth-faced bat,has,Family Name
squirrel,has,Family Name
weasel,has,Family Name
adult female Arctic fox,has,gestation period
adult female bobcat,has,gestation period
adult female cougar,has,gestation period
adult female coyote,has,gestation period
adult female ermine,has,gestation period
adult female fisher,has,gestation period
adult female grey fox,has,gestation period
adult female least weasel,has,gestation period
adult female long-tailed weasel,has,gestation period
adult female lynx,has,gestation period
adult female marten,has,gestation period
adult female mink,has,gestation period
adult female polar bear,has,gestation period
adult female raccoon,has,gestation period
adult female red fox,has,gestation period
adult female river otter,has,gestation period
adult female striped skunk,has,gestation period
adult female swift fox,has,gestation period
adult female western spotted skunk,has,gestation period
adult female wolf,has,gestation period
adult female wolverine,has,gestation period
female beaver,has,gestation period
female little brown bat,has,gestation period
female muskrat,has,gestation period
adult bobcat,has,good eyesight
adult polar bear,has,good eyesight
bat,has,good eyesight
muskox,has,good eyesight
adult raccoon,has,good eyesight
adult black bear,has,good hearing
adult bobcat,has,good hearing
adult raccoon,has,good hearing
adult red fox,has,good hearing
adult wolf,has,good hearing
moose,has,good hearing
adult black bear,has,good sense of smell
adult polar bear,has,good sense of smell
adult red fox,has,good sense of smell
adult wolf,has,good sense of smell
adult wolverine,has,good sense of smell
caribou,has,good sense of smell
moose,has,good sense of smell
adult raccoon,has,good sense of touch
adult least weasel,has,high metabolism
adult female wolverine,has,one breeding period per year
adult black bear,has,poor eyesight
adult wolf,has,poor eyesight
adult wolverine,has,poor eyesight
moose,has,poor eyesight
adult lynx,has,poor sense of smell
American pika,has,scientific name
American red squirrel,has,scientific name
American shrew-mole,has,scientific name
American water shrew,has,scientific name
Arctic fox,has,scientific name
arctic ground squirrel,has,scientific name
arctic hare,has,scientific name
arctic shrew,has,scientific name
Atlantic pilot whale,has,scientific name
Atlantic white-sided dolphin,has,scientific name
badger,has,scientific name
barren-ground caribou,has,scientific name
bat,has,scientific name
bearded seal,has,scientific name
beaver,has,scientific name
Bendire's shrew,has,scientific name
big brown bat,has,scientific name
big free-tailed bat,has,scientific name
bighorn sheep,has,scientific name
bison,has,scientific name
black bear,has,scientific name
black-footed ferret,has,scientific name
black-tailed prairie dog,has,scientific name
Blainville's beaked whale,has,scientific name
blue dolphin,has,scientific name
blue whale,has,scientific name
bobcat,has,scientific name
bottlenosed dolphin,has,scientific name
bowhead whale,has,scientific name
brown lemming,has,scientific name
bushy-tailed wood rat,has,scientific name
California bat,has,scientific name
California sealion,has,scientific name
caribou,has,scientific name
Cascade deer mouse,has,scientific name
chestnut-cheeked vole,has,scientific name
collared lemming,has,scientific name
Columbian ground squirrel,has,scientific name
common dolphin,has,scientific name
cougar,has,scientific name
coyote,has,scientific name
coypu,has,scientific name
creeping vole,has,scientific name
Dall's porpoise,has,scientific name
Dall's sheep,has,scientific name
deer mouse,has,scientific name
Douglas's squirrel,has,scientific name
dusky shrew,has,scientific name
eastern chipmunk,has,scientific name
eastern pippistrelle,has,scientific name
elk,has,scientific name
ermine,has,scientific name
European hare,has,scientific name
evening bat,has,scientific name
fallow deer,has,scientific name
fin whale,has,scientific name
fisher,has,scientific name
fox squirrel,has,scientific name
Franklin's ground squirrel,has,scientific name
fringed bat,has,scientific name
Gapper's red-backed vole,has,scientific name
Gaspé shrew,has,scientific name
giant beaked whale,has,scientific name
golden-mantled ground squirrel,has,scientific name
goose-beaked whale,has,scientific name
Great Basin pocket mouse,has,scientific name
grey fox,has,scientific name
grey grampus,has,scientific name
grey seal,has,scientific name
grey squirrel,has,scientific name
grey whale,has,scientific name
grizzly bear,has,scientific name
groundhog,has,scientific name
hairy-tailed mole,has,scientific name
harbour porpoise,has,scientific name
harbour seal,has,scientific name
harp seal,has,scientific name
heather vole,has,scientific name
hoary bat,has,scientific name
hoary marmot,has,scientific name
hooded seal,has,scientific name
house mouse,has,scientific name
human,has,scientific name
humpback whale,has,scientific name
Keen's bat,has,scientific name
killer whale,has,scientific name
least chipmunk,has,scientific name
least shrew,has,scientific name
least weasel,has,scientific name
little brown bat,has,scientific name
long-eared bat,has,scientific name
long-legged bat,has,scientific name
long-tailed vole,has,scientific name
long-tailed weasel,has,scientific name
lynx,has,scientific name
marten,has,scientific name
masked shrew,has,scientific name
meadow jumping mouse,has,scientific name
meadow vole,has,scientific name
mink,has,scientific name
Minke whale,has,scientific name
montane vole,has,scientific name
Moore's beaked whale,has,scientific name
moose,has,scientific name
mountain beaver,has,scientific name
mountain goat,has,scientific name
mule deer,has,scientific name
muskox,has,scientific name
muskrat,has,scientific name
narwhal,has,scientific name
northern bog lemming,has,scientific name
northern bottlenosed whale,has,scientific name
northern elephant seal,has,scientific name
northern flying squirrel,has,scientific name
northern fur seal,has,scientific name
northern grasshopper mouse,has,scientific name
northern pocket gopher,has,scientific name
northern red-backed vole,has,scientific name
northern right-whale dolphin,has,scientific name
northern sealion,has,scientific name
Norway rat,has,scientific name
Nuttall's cottontail,has,scientific name
olive-backed pocket mouse,has,scientific name
opossum,has,scientific name
opossum,has,scientific name
Ord's kangaroo rat,has,scientific name
Pacific coast mole,has,scientific name
Pacific jumping mouse,has,scientific name
Pacific pilot whale,has,scientific name
Pacific white-sided dolphin,has,scientific name
pallid bat,has,scientific name
Peary caribou,has,scientific name
pigmy shrew,has,scientific name
pigmy sperm whale,has,scientific name
pika,has,scientific name
plains bison,has,scientific name
plains pocket gopher,has,scientific name
polar bear,has,scientific name
porcupine,has,scientific name
prairie vole,has,scientific name
pronghorn,has,scientific name
rabbit or hare,has,scientific name
raccoon,has,scientific name
red bat,has,scientific name
red fox,has,scientific name
red-tailed chipmunk,has,scientific name
Richardson's ground squirrel,has,scientific name
Richardson's water vole,has,scientific name
right whale,has,scientific name
ringed seal,has,scientific name
river otter,has,scientific name
rock vole,has,scientific name
roof rat,has,scientific name
root vole,has,scientific name
sagebrush vole,has,scientific name
sea otter,has,scientific name
Sei whale,has,scientific name
short-tailed shrew,has,scientific name
silver-haired bat,has,scientific name
singing vole,has,scientific name
Sitka mouse,has,scientific name
small-footed bat,has,scientific name
smoky shrew,has,scientific name
snowshoe hare,has,scientific name
southern bog lemming,has,scientific name
southern flying squirrel,has,scientific name
Sowerby's beaked whale,has,scientific name
sperm whale,has,scientific name
star-nosed mole,has,scientific name
Stejneger's beaked whale,has,scientific name
striped skunk,has,scientific name
swift fox,has,scientific name
thirteen-lined ground squirrel,has,scientific name
Thompson's pigmy shrew,has,scientific name
Townsend's big-eared bat,has,scientific name
Townsend's chipmunk,has,scientific name
Townsend's mole,has,scientific name
Townsend's vole,has,scientific name
Trowbridge's shrew,has,scientific name
True's beaked whale,has,scientific name
Ungava lemming,has,scientific name
vagrant shrew,has,scientific name
Vancouver Island marmot,has,scientific name
walrus,has,scientific name
western harvest mouse,has,scientific name
western jumping mouse,has,scientific name
western red-backed vole,has,scientific name
western spotted skunk,has,scientific name
white whale,has,scientific name
white-beaked dolphin,has,scientific name
white-footed mouse,has,scientific name
white-tailed deer,has,scientific name
white-tailed jack rabbit,has,scientific name
wolverine,has,scientific name
wood bison,has,scientific name
woodland caribou,has,scientific name
woodland jumping mouse,has,scientific name
woodland vole,has,scientific name
yellow pine chipmunk,has,scientific name
yellow-bellied marmot,has,scientific name
carnivore,has ,Order name
cloven-hoofed mammal,has ,Order name
insectivore,has ,Order name
marsupial,has ,Order name
"pika, hare or rabbit",has ,Order name
primate,has ,Order name
rodent,has ,Order name
"seal, sealion or walrus",has ,Order name
"whale, dolphin or porpoise",has ,Order name
adult polar bear,has breeding season,April
muskrat,has breeding season,April
adult wolverine,has breeding season,April
adult grey fox,has breeding season,April
adult mink,has breeding season,April
adult male least weasel,has breeding season,April
adult river otter,has breeding season,April
adult fisher,has breeding season,April
adult lynx,has breeding season,April
adult sea otter,has breeding season,April
adult wolverine,has breeding season,August
adult badger,has breeding season,August
adult male least weasel,has breeding season,August
adult long-tailed weasel,has breeding season,August
adult marten,has breeding season,August
adult grey fox,has breeding season,February
adult coyote,has breeding season,February
adult mink,has breeding season,February
adult male least weasel,has breeding season,February
adult raccoon,has breeding season,February
adult red fox,has breeding season,February
adult striped skunk,has breeding season,February
adult wolf,has breeding season,February
adult western spotted skunk,has breeding season,February
adult river otter,has breeding season,February
adult grey fox,has breeding season,January
adult raccoon,has breeding season,January
adult red fox,has breeding season,January
adult wolverine,has breeding season,July
adult male least weasel,has breeding season,July
adult black bear,has breeding season,July
adult long-tailed weasel,has breeding season,July
adult marten,has breeding season,July
adult wolverine,has breeding season,June
adult male least weasel,has breeding season,June
adult black bear,has breeding season,June
adult ermine,has breeding season,June
adult sea otter,has breeding season,June
adult grey fox,has breeding season,March
adult mink,has breeding season,March
adult male least weasel,has breeding season,March
adult raccoon,has breeding season,March
adult red fox,has breeding season,March
adult striped skunk,has breeding season,March
adult wolf,has breeding season,March
adult western spotted skunk,has breeding season,March
adult river otter,has breeding season,March
adult coyote,has breeding season,March
muskrat,has breeding season,March
adult fisher,has breeding season,March
adult lynx,has breeding season,March
adult polar bear,has breeding season,May
muskrat,has breeding season,May
adult wolverine,has breeding season,May
adult grey fox,has breeding season,May
adult male least weasel,has breeding season,May
adult sea otter,has breeding season,May
adult male least weasel,has breeding season,November
barren-ground caribou,has breeding season,November
adult male least weasel,has breeding season,October
barren-ground caribou,has breeding season,October
adult wolverine,has breeding season,September
adult male least weasel,has breeding season,September
adult badger,has breeding season,September
adult mink,has colour,almost black
adult sea otter,has colour,almost black
moose,has colour,almost black
adult badger,has colour,black
adult black bear,has colour,black
adult black-footed ferret,has colour,black
adult ermine,has colour,black
adult fisher,has colour,black
adult long-tailed weasel,has colour,black
adult striped skunk,has colour,black
adult western spotted skunk,has colour,black
adult wolf,has colour,black
grizzly bear,has colour,black
muskox,has colour,black
adult Arctic fox,has colour,brown
adult badger,has colour,brown
adult black bear,has colour,brown
adult black-footed ferret,has colour,brown
adult cougar,has colour,brown
adult ermine,has colour,brown
adult fisher,has colour,brown
adult least weasel,has colour,brown
adult long-tailed weasel,has colour,brown
adult lynx,has colour,brown
adult marten,has colour,brown
adult mink,has colour,brown
adult river otter,has colour,brown
adult sea otter,has colour,brown
adult wolf,has colour,brown
adult wolverine,has colour,brown
beaver,has colour,brown
bison,has colour,brown
moose,has colour,brown
adult wolf,has colour,cream
baby wolverine,has colour,cream
polar bear,has colour,cream
adult wolverine,has colour,dark brown
moose,has colour,dark brown
adult coyote,has colour,grey
adult lynx,has colour,grey
adult raccoon,has colour,grey
adult wolf,has colour,grey
moose,has colour,grey
white-tailed deer,has colour,grey
adult red fox,has colour,grey
baby long-tailed weasel,has colour,pink
baby mink,has colour,pink
white-tailed deer,has colour,red
adult red fox,has colour,red
adult sea otter,has colour,red
adult Arctic fox,has colour,white
adult badger,has colour,white
adult black-footed ferret,has colour,white
adult ermine,has colour,white
adult least weasel,has colour,white
adult long-tailed weasel,has colour,white
adult wolf,has colour,white
baby ermine,has colour,white
baby long-tailed weasel,has colour,white
grizzly bear,has colour,white
white-tailed deer,has colour,white
adult striped skunk,has colour,white stripes
adult western spotted skunk,has colour,white stripes
grizzly bear,has colour,yellow
bobcat,has habitat,agricultural land
striped skunk,has habitat,agricultural land
red fox,has habitat,alpine
wolverine,has habitat,alpine
polar bear,has habitat,arctic ice pack
muskox,has habitat,arctic tundra
wolf,has habitat,arctic tundra
black-footed ferret,has habitat,arid plains
swift fox,has habitat,arid plains
river otter,has habitat,bays
cougar,has habitat,canyons
western spotted skunk,has habitat,canyons
sea otter,has habitat,coast
bobcat,has habitat,deserts
western spotted skunk,has habitat,farmlands
badger,has habitat,farmlands
ermine,has habitat,forests
wolverine,has habitat,forests
red fox,has habitat,forests
fisher,has habitat,forests
cougar,has habitat,forests
lynx,has habitat,forests
striped skunk,has habitat,forests
raccoon,has habitat,forests
wolf,has habitat,forests
grey fox,has habitat,forests
black bear,has habitat,forests
marten,has habitat,forests
bobcat,has habitat,forests
long-tailed weasel,has habitat,grassland
river otter,has habitat,lakes
muskrat,has habitat,lakes
ermine,has habitat,lakeshores
red fox,has habitat,lakeshores
muskrat,has habitat,marshes
river otter,has habitat,marshes
grey fox,has habitat,marshlands
least weasel,has habitat,meadows
ermine,has habitat,meadows
least weasel,has habitat,meadows
red fox,has habitat,meadows
ermine,has habitat,mixed forests
least weasel,has habitat,mixed forests
cougar,has habitat,mountains
wolf,has habitat,mountains
bobcat,has habitat,outskirts of cities
long-tailed weasel,has habitat,parklands
badger,has habitat,parklands
least weasel,has habitat,parklands
muskox,has habitat,plains
wolf,has habitat,plains
badger,has habitat,praries
sea otter,has habitat,reefs
least weasel,has habitat,river banks
long-tailed weasel,has habitat,river banks
river otter,has habitat,river banks
ermine,has habitat,river banks
striped skunk,has habitat,river valleys
muskox,has habitat,river valleys
red fox,has habitat,river valleys
cougar,has habitat,river valleys
bobcat,has habitat,rocky hillsides
western spotted skunk,has habitat,scrubland
black-footed ferret,has habitat,short-grass prairie
muskrat,has habitat,streams
bobcat,has habitat,swamps
cougar,has habitat,swamps
wolverine,has habitat,tundra
red fox,has habitat,tundra
ermine,has habitat,tundra
lynx,has habitat,tundra
wolverine,has habitat,tundra
river otter,has habitat,water
sea otter,has habitat,water
bobcat,has habitat,woodlots
adult mink,has part,anal scent glands
adult ermine,has part,anal scent glands
bull moose,has part,antlers
caribou,has part,antlers
male white-tailed deer,has part,antlers
adult marten,has part,beady eyes
adult marten,has part,black eyes
adult raccoon,has part,black facial mask
adult coyote,has part,black nose
baby western spotted skunk,has part,black skin with white stripes
adult lynx,has part,black stripes on the forehead and around the facial ruff
adult polar bear,has part,black tongue
adult long-tailed weasel,has part,tail
adult fisher,has part,broad head
adult polar bear,has part,brown eyes
adult raccoon,has part,bushy tail
adult fisher,has part,bushy tail
adult marten,has part,bushy tail
adult wolverine,has part,bushy tail
black bear,has part,claws
adult raccoon,has part,claws
adult wolverine,has part,claws
cougar kitten,has part,closed eyes at birth
adult wolverine,has part,coarse fur
adult black bear,has part,dexterous lips
adult grizzly bear,has part,dished face
adult lynx,has part,ears tipped with long black hairs
beaver,has part,flat tail
wolf cub,has part,floppy ears at birth
adult grizzly bear,has part,claws
adult polar bear,has part,furred foot pads
adult red fox,has part,furred foot pads
beaver,has part,hairless tail
muskox,has part,horns
adult marten,has part,large eyes
beaver,has part,tail
adult wolverine,has part,large teeth
adult striped skunk,has part,long claws
adult badger,has part,long claws
adult raccoon,has part,long coat
adult wolverine,has part,long coat
adult polar bear,has part,long narrow head
adult mink,has part,long neck
adult fisher,has part,long tail
adult long-tailed weasel,has part,long tail
adult marten,has part,long tail
adult mink,has part,long tail
adult red fox,has part,long whiskers
adult female ermine,has part,mammae
adult female grey fox,has part,mammae
adult female long-tailed weasel,has part,mammae
adult female mink,has part,mammae
adult female raccoon,has part,mammae
adult female red fox,has part,mammae
adult wolverine,has part,muscular body
adult mink,has part,musky odour
baby sea otter,has part,open eyes at birth
adult ermine,has part,oval ears
adult lynx,has part,padded feet
adult striped skunk,has part,pair of musk sacs
adult western spotted skunk,has part,pair of musk sacs
adult mink,has part,pointed face
adult red fox,has part,pointed face
adult raccoon,has part,tail
adult black bear,has part,round ears
adult fisher,has part,round ears
adult raccoon,has part,round ears
adult marten,has part,scent glands
adult badger,has part,scent glands
adult wolverine,has part,scent glands
baby ermine,has part,sealed ears at birth
baby ermine,has part,sealed eyes at birth
beaver,has part,sharp teeth
adult ermine,has part,short ears
adult fisher,has part,short ears
adult raccoon,has part,short ears
adult badger,has part,short ears
adult cougar,has part,short fur
adult badger,has part,short legs
adult least weasel,has part,short legs
adult marten,has part,short legs
adult mink,has part,short legs
adult raccoon,has part,short legs
adult river otter,has part,short legs
adult least weasel,has part,short tail
adult raccoon,has part,short tail
adult wolverine,has part,short tail
adult badger,has part,short tail
adult black bear,has part,short tail
adult grizzly bear,has part,shoulder hump
adult fisher,has part,slender body
adult least weasel,has part,slender body
adult marten,has part,slender body
adult mink,has part,small ears
adult polar bear,has part,small ears
adult river otter,has part,small ears
adult black bear,has part,small eyes
adult ermine,has part,small mouth
cougar kitten,has part,spotted coat at birth
adult wolverine,has part,stout body
adult badger,has part,stout body
adult ermine,has part,streamlined body
adult river otter,has part,streamlined body
adult wolverine,has part,strong legs
adult wolverine,has part,strong teeth
adult least weasel,has part,stubby tail
adult lynx,has part,stubby tail
adult female cougar,has part,teats
adult female lynx,has part,teats
adult female sea otter,has part,teats
adult female wolf,has part,teats
baby sea otter,has part,teeth
adult river otter,has part,thick coat
adult raccoon,has part,thick coat
adult sea otter,has part,thick coat
adult river otter,has part,thick fur
adult red fox,has part,thick tail
adult mink,has part,thin body
muskox,has part,warm coat
muskrat,has part,waterproof fur
beaver,has part,webbed hind feet
adult river otter,has part,webbed toes
hoary bat,has part,wings
little brown bat,has part,wings
bat,has part,wings
cougar kitten,has part,woolly coat
red fox cub,has part,woolly coat
wolf cub,has part,woolly coat
adult coyote,has part,yellow eyes
black-footed ferret,has status,extinct in Canada
swift fox,has status,extinct in Canada
marten,has status,threatened
Peary caribou,has status,threatened
white-tailed deer,has subspecies,Dakota white-tailed deer
white-tailed deer,has subspecies,northern white-tailed deer
white-tailed deer,has subspecies,tawny northwestern white-tailed deer
adult mink,has temperament,bold
adult wolverine,has temperament,bold
adult marten,has temperament,curious
adult wolverine,has temperament,curious
ermine,has temperament,curious
adult river otter,has temperament,docile
adult marten,has temperament,ferocious
adult mink,has temperament,ferocious
adult black-footed ferret,has temperament,ferocious
adult river otter,has temperament,loyal
adult red fox,has temperament,nervous
adult striped skunk,has temperament,placid
adult river otter,has temperament,playful
baby black-footed ferret,has temperament,playful
baby raccoon,has temperament,playful
baby western spotted skunk,has temperament,playful
cougar kitten,has temperament,playful
lynx kitten,has temperament,playful
adult wolverine,has temperament,pugnacious
adult western spotted skunk,has temperament,secretive
fisher,has temperament,secretive
adult red fox,has temperament,shy
adult striped skunk,has temperament,sluggish
adult river otter,has temperament,sociable
adult western spotted skunk,has temperament,sociable
adult raccoon,has temperament,sociable
wolf,has temperament,sociable
adult wolverine,has temperament,strong
adult mink,has temperament,untamable
adult male grey fox,helps,adult female grey fox
adult lynx,hunts by,hearing
adult least weasel,hunts by,scent
adult lynx,hunts by,sight
adult wolf,hunts in,pack
adult fisher,hunts on,the ground
cougar,is,a predator
adult least weasel,is,active all winter
adult marten,is,active all winter
adult mink,is,active all winter
adult river otter,is,active all winter
adult sea otter,is,active all winter
adult wolverine,is,active in the day and at night
river otter,is,amphibious
sea otter,is,aquatic
baby fisher,is,blind at birth
baby marten,is,blind at birth
baby mink,is,blind at birth
baby striped skunk,is,blind at birth
baby western spotted skunk,is,blind at birth
polar bear cub,is,blind at birth
wolf cub,is,blind at birth
cougar kitten,is,born
cat,is,carnivorous
dog,is,carnivorous
carnivore,is,carnivorous
adult sea otter,is,clumsy on land
baby marten,is,deaf at birth
baby mink,is,deaf at birth
baby striped skunk,is,deaf at birth
baby western spotted skunk,is,deaf at birth
sea otter,is,diurnal
adult cougar,is,extremely wary of humans
adult red fox,is,good parent
baby fisher,is,helpless at birth
baby marten,is,helpless at birth
moose calf,is,helpless at birth
adult lynx,is,hunted for fur
muskrat,is,hunted for fur
river otter,is,intelligent
raccoon,is,intelligent
ermine,is,killed by coyotes
badger,is,killed by humans
fisher,is,killed by humans
lynx,is,killed by humans
ermine,is,killed by humans
adult coyote,is,monogamous
adult female grey fox,is,monogamous
adult female swift fox,is,monogamous
adult red fox,is,monogamous
adult wolf,is,monogamous
adult badger,is,nocturnal
adult black-footed ferret,is,nocturnal
adult cougar,is,nocturnal
adult ermine,is,nocturnal
adult grey fox,is,nocturnal
adult least weasel,is,nocturnal
adult lynx,is,nocturnal
adult marten,is,nocturnal
adult mink,is,nocturnal
adult raccoon,is,nocturnal
adult red fox,is,nocturnal
adult river otter,is,nocturnal
adult striped skunk,is,nocturnal
adult swift fox,is,nocturnal
adult western spotted skunk,is,nocturnal
bat,is,nocturnal
carnivore,is,omnivorous
adult black bear,is,omnivorous
adult grizzly bear,is,omnivorous
adult raccoon,is,omnivorous
adult red fox,is,omnivorous
adult striped skunk,is,omnivorous
adult wolverine,is,omnivorous
adult male marten,is,polygamous
adult male striped skunk,is,polygamous
adult sea otter,is,polygamous
adult badger,is,solitary
adult black bear,is,solitary
adult bobcat,is,solitary
adult cougar,is,solitary
adult fisher,is,solitary
adult lynx,is,solitary
adult marten,is,solitary
adult mink,is,solitary
adult polar bear,is,solitary
adult wolverine,is,solitary
adult long-tailed weasel,is,solitary
adult swift fox,is,solitary
mink,is,trapped for fur
river otter,is,trapped for fur
mammal,is,warm-blooded
baby coyote,is,weaned
red fox cub,is,weaned
grey fox cub,is,weaned
baby sea otter,is,weaned
bobcat kitten,is,weaned
baby least weasel,is,weaned
baby long-tailed weasel,is,weaned
cougar kitten,is,weaned
baby mink,is,weaned
baby marten,is,weaned
baby striped skunk,is,weaned
wolf cub,is,weaned
baby wolverine,is,weaned
baby sea otter,is,well developed at birth
adult female Arctic fox,is a kind of,adult Arctic fox
adult male Arctic fox,is a kind of,adult Arctic fox
adult female badger,is a kind of,adult badger
adult male badger,is a kind of,adult badger
adult female black bear,is a kind of,adult black bear
adult male black bear,is a kind of,adult black bear
adult female black-footed ferret,is a kind of,adult black-footed ferret
adult male black-footed ferret,is a kind of,adult black-footed ferret
adult female bobcat,is a kind of,adult bobcat
adult male bobcat,is a kind of,adult bobcat
adult female cougar,is a kind of,adult cougar
adult male cougar,is a kind of,adult cougar
adult female coyote,is a kind of,adult coyote
adult male coyote,is a kind of,adult coyote
adult female ermine,is a kind of,adult ermine
adult male ermine,is a kind of,adult ermine
adult female fisher,is a kind of,adult fisher
adult male fisher,is a kind of,adult fisher
adult female grey fox,is a kind of,adult grey fox
adult male grey fox,is a kind of,adult grey fox
adult female grizzly bear,is a kind of,adult grizzly bear
adult male grizzly bear,is a kind of,adult grizzly bear
adult female least weasel,is a kind of,adult least weasel
adult male least weasel,is a kind of,adult least weasel
adult female long-tailed weasel,is a kind of,adult long-tailed weasel
adult male long-tailed weasel,is a kind of,adult long-tailed weasel
adult female lynx,is a kind of,adult lynx
adult male lynx,is a kind of,adult lynx
adult female marten,is a kind of,adult marten
adult male marten,is a kind of,adult marten
adult female mink,is a kind of,adult mink
adult male mink,is a kind of,adult mink
adult female polar bear,is a kind of,adult polar bear
adult male polar bear,is a kind of,adult polar bear
adult female raccoon,is a kind of,adult raccoon
adult male raccoon,is a kind of,adult raccoon
adult female red fox,is a kind of,adult red fox
adult male red fox,is a kind of,adult red fox
adult female river otter,is a kind of,adult river otter
adult male river otter,is a kind of,adult river otter
adult female sea otter,is a kind of,adult sea otter
adult male sea otter,is a kind of,adult sea otter
adult female striped skunk,is a kind of,adult striped skunk
adult male striped skunk,is a kind of,adult striped skunk
adult female swift fox,is a kind of,adult swift fox
adult male swift fox,is a kind of,adult swift fox
adult female western spotted skunk,is a kind of,adult western spotted skunk
adult male western spotted skunk,is a kind of,adult western spotted skunk
adult female wolf,is a kind of,adult wolf
adult male wolf,is a kind of,adult wolf
adult female wolverine,is a kind of,adult wolverine
adult male wolverine,is a kind of,adult wolverine
bighorn sheep,is a kind of,antelope
bison,is a kind of,antelope
Dall's sheep,is a kind of,antelope
mountain goat,is a kind of,antelope
muskox,is a kind of,antelope
adult Arctic fox,is a kind of,Arctic fox
Arctic fox cub,is a kind of,Arctic fox
baby badger,is a kind of,baby mammal
baby black-footed ferret,is a kind of,baby mammal
baby coyote,is a kind of,baby mammal
baby ermine,is a kind of,baby mammal
baby fisher,is a kind of,baby mammal
baby least weasel,is a kind of,baby mammal
baby little brown bat,is a kind of,baby mammal
baby long-tailed weasel,is a kind of,baby mammal
baby marten,is a kind of,baby mammal
baby mink,is a kind of,baby mammal
baby raccoon,is a kind of,baby mammal
baby river otter,is a kind of,baby mammal
baby sea otter,is a kind of,baby mammal
baby striped skunk,is a kind of,baby mammal
baby western spotted skunk,is a kind of,baby mammal
baby wolverine,is a kind of,baby mammal
barren-ground caribou calf,is a kind of,baby mammal
bear cub,is a kind of,baby mammal
bobcat kitten,is a kind of,baby mammal
cougar kitten,is a kind of,baby mammal
fox cub,is a kind of,baby mammal
lynx kitten,is a kind of,baby mammal
moose calf,is a kind of,baby mammal
white-tailed deer fawn,is a kind of,baby mammal
wolf cub,is a kind of,baby mammal
adult badger,is a kind of,badger
baby badger,is a kind of,badger
barren-ground caribou calf,is a kind of,barren-ground caribou
free-tailed bat,is a kind of,bat
smooth-faced bat,is a kind of,bat
Blainville's beaked whale,is a kind of,beaked whale
giant beaked whale,is a kind of,beaked whale
goose-beaked whale,is a kind of,beaked whale
Moore's beaked whale,is a kind of,beaked whale
northern bottlenosed whale,is a kind of,beaked whale
Sowerby's beaked whale,is a kind of,beaked whale
Stejneger's beaked whale,is a kind of,beaked whale
True's beaked whale,is a kind of,beaked whale
black bear,is a kind of,bear
grizzly bear,is a kind of,bear
polar bear,is a kind of,bear
black bear cub,is a kind of,bear cub
grizzly bear cub,is a kind of,bear cub
polar bear cub,is a kind of,bear cub
female beaver,is a kind of,beaver
plains bison,is a kind of,bison
wood bison,is a kind of,bison
adult black bear,is a kind of,black bear
black bear cub,is a kind of,black bear
adult black-footed ferret,is a kind of,black-footed ferret
baby black-footed ferret,is a kind of,black-footed ferret
adult bobcat,is a kind of,bobcat
bobcat kitten,is a kind of,bobcat
right whale,is a kind of,bowhead whale
barren-ground caribou,is a kind of,caribou
caribou bull,is a kind of,caribou
caribou cow,is a kind of,caribou
Peary caribou,is a kind of,caribou
woodland caribou,is a kind of,caribou
bear,is a kind of,carnivore
cat,is a kind of,carnivore
dog,is a kind of,carnivore
raccoon,is a kind of,carnivore
weasel,is a kind of,carnivore
bobcat,is a kind of,cat
cougar,is a kind of,cat
lynx,is a kind of,cat
bighorn sheep,is a kind of,cattle
bison,is a kind of,cattle
Dall's sheep,is a kind of,cattle
mountain goat,is a kind of,cattle
muskox,is a kind of,cattle
"antelope, cattle, sheep or goat",is a kind of,cloven-hoofed mammal
deer,is a kind of,cloven-hoofed mammal
pronghorn,is a kind of,cloven-hoofed mammal
adult cougar,is a kind of,cougar
cougar kitten,is a kind of,cougar
adult coyote,is a kind of,coyote
baby coyote,is a kind of,coyote
caribou,is a kind of,deer
elk,is a kind of,deer
fallow deer,is a kind of,deer
moose,is a kind of,deer
mule deer,is a kind of,deer
white-tailed deer,is a kind of,deer
Arctic fox,is a kind of,dog
coyote,is a kind of,dog
grey fox,is a kind of,dog
red fox,is a kind of,dog
swift fox,is a kind of,dog
wolf,is a kind of,dog
Atlantic pilot whale,is a kind of,dolphin or porpoise
Atlantic white-sided dolphin,is a kind of,dolphin or porpoise
blue dolphin,is a kind of,dolphin or porpoise
bottlenosed dolphin,is a kind of,dolphin or porpoise
common dolphin,is a kind of,dolphin or porpoise
Dall's porpoise,is a kind of,dolphin or porpoise
grey grampus,is a kind of,dolphin or porpoise
harbour porpoise,is a kind of,dolphin or porpoise
killer whale,is a kind of,dolphin or porpoise
northern right-whale dolphin,is a kind of,dolphin or porpoise
Pacific pilot whale,is a kind of,dolphin or porpoise
Pacific white-sided dolphin,is a kind of,dolphin or porpoise
toothed whale,is a kind of,dolphin or porpoise
whalebone whale,is a kind of,dolphin or porpoise
white-beaked dolphin,is a kind of,dolphin or porpoise
California sealion,is a kind of,eared seal
northern fur seal,is a kind of,eared seal
northern sealion,is a kind of,eared seal
adult ermine,is a kind of,ermine
baby ermine,is a kind of,ermine
adult female Arctic fox,is a kind of,female mammal
adult female badger,is a kind of,female mammal
adult female black bear,is a kind of,female mammal
adult female black-footed ferret,is a kind of,female mammal
adult female bobcat,is a kind of,female mammal
adult female cougar,is a kind of,female mammal
adult female coyote,is a kind of,female mammal
adult female ermine,is a kind of,female mammal
adult female fisher,is a kind of,female mammal
adult female grey fox,is a kind of,female mammal
adult female grizzly bear,is a kind of,female mammal
adult female least weasel,is a kind of,female mammal
adult female long-tailed weasel,is a kind of,female mammal
adult female lynx,is a kind of,female mammal
adult female marten,is a kind of,female mammal
adult female mink,is a kind of,female mammal
adult female polar bear,is a kind of,female mammal
adult female raccoon,is a kind of,female mammal
adult female red fox,is a kind of,female mammal
adult female river otter,is a kind of,female mammal
adult female sea otter,is a kind of,female mammal
adult female striped skunk,is a kind of,female mammal
adult female swift fox,is a kind of,female mammal
adult female western spotted skunk,is a kind of,female mammal
adult female wolf,is a kind of,female mammal
adult female wolverine,is a kind of,female mammal
caribou cow,is a kind of,female mammal
female beaver,is a kind of,female mammal
female little brown bat,is a kind of,female mammal
female moose,is a kind of,female mammal
female muskrat,is a kind of,female mammal
female white-tailed deer,is a kind of,female mammal
adult fisher,is a kind of,fisher
baby fisher,is a kind of,fisher
Arctic fox cub,is a kind of,fox cub
grey fox cub,is a kind of,fox cub
red fox cub,is a kind of,fox cub
swift fox cub,is a kind of,fox cub
big free-tailed bat,is a kind of,free-tailed bat
adult grey fox,is a kind of,grey fox
grey fox cub,is a kind of,grey fox
adult grizzly bear,is a kind of,grizzly bear
grizzly bear cub,is a kind of,grizzly bear
pika,is a kind of,hare or rabbit
rabbit or hare,is a kind of,hare or rabbit
female human,is a kind of,human
male human,is a kind of,human
mole,is a kind of,insectivore
shrew,is a kind of,insectivore
meadow jumping mouse,is a kind of,jumping mouse or jerboa
Pacific jumping mouse,is a kind of,jumping mouse or jerboa
western jumping mouse,is a kind of,jumping mouse or jerboa
woodland jumping mouse,is a kind of,jumping mouse or jerboa
adult least weasel,is a kind of,least weasel
baby least weasel,is a kind of,least weasel
baby little brown bat,is a kind of,little brown bat
female little brown bat,is a kind of,little brown bat
adult long-tailed weasel,is a kind of,long-tailed weasel
baby long-tailed weasel,is a kind of,long-tailed weasel
adult lynx,is a kind of,lynx
lynx kitten,is a kind of,lynx
adult male Arctic fox,is a kind of,male mammal
adult male badger,is a kind of,male mammal
adult male black bear,is a kind of,male mammal
adult male black-footed ferret,is a kind of,male mammal
adult male bobcat,is a kind of,male mammal
adult male cougar,is a kind of,male mammal
adult male coyote,is a kind of,male mammal
adult male ermine,is a kind of,male mammal
adult male fisher,is a kind of,male mammal
adult male grey fox,is a kind of,male mammal
adult male grizzly bear,is a kind of,male mammal
adult male least weasel,is a kind of,male mammal
adult male long-tailed weasel,is a kind of,male mammal
adult male lynx,is a kind of,male mammal
adult male marten,is a kind of,male mammal
adult male mink,is a kind of,male mammal
adult male polar bear,is a kind of,male mammal
adult male raccoon,is a kind of,male mammal
adult male red fox,is a kind of,male mammal
adult male river otter,is a kind of,male mammal
adult male sea otter,is a kind of,male mammal
adult male striped skunk,is a kind of,male mammal
adult male swift fox,is a kind of,male mammal
adult male western spotted skunk,is a kind of,male mammal
adult male wolf,is a kind of,male mammal
adult male wolverine,is a kind of,male mammal
bull moose,is a kind of,male mammal
caribou bull,is a kind of,male mammal
male white-tailed deer,is a kind of,male mammal
mammal,is a kind of,mammal
baby mammal,is a kind of,mammal
bat,is a kind of,mammal
carnivore,is a kind of,mammal
cloven-hoofed mammal,is a kind of,mammal
female mammal,is a kind of,mammal
insectivore,is a kind of,mammal
male mammal,is a kind of,mammal
marsupial,is a kind of,mammal
marsupial,is a kind of,mammal
"pika, hare or rabbit",is a kind of,mammal
primate,is a kind of,mammal
rodent,is a kind of,mammal
"seal, sealion or walrus",is a kind of,mammal
"whale, dolphin or porpoise",is a kind of,mammal
opossum,is a kind of,marsupial
adult marten,is a kind of,marten
baby marten,is a kind of,marten
adult mink,is a kind of,mink
baby mink,is a kind of,mink
American shrew-mole,is a kind of,mole
eastern mole,is a kind of,mole
hairy-tailed mole,is a kind of,mole
Pacific coast mole,is a kind of,mole
star-nosed mole,is a kind of,mole
Townsend's mole,is a kind of,mole
bull moose,is a kind of,moose
female moose,is a kind of,moose
moose calf,is a kind of,moose
female muskrat,is a kind of,muskrat
American pika,is a kind of,pika
pika,is a kind of,pika
rabbit or hare,is a kind of,pika
northern pocket gopher,is a kind of,pocket gopher
plains pocket gopher,is a kind of,pocket gopher
Great Basin pocket mouse,is a kind of,pocket mouse or kangaroo rat
olive-backed pocket mouse,is a kind of,pocket mouse or kangaroo rat
Ord's kangaroo rat,is a kind of,pocket mouse or kangaroo rat
adult polar bear,is a kind of,polar bear
polar bear cub,is a kind of,polar bear
human,is a kind of,primate
arctic hare,is a kind of,rabbit or hare
eastern cottontail,is a kind of,rabbit or hare
European hare,is a kind of,rabbit or hare
Nuttall's cottontail,is a kind of,rabbit or hare
snowshoe hare,is a kind of,rabbit or hare
white-tailed jack rabbit,is a kind of,rabbit or hare
adult raccoon,is a kind of,raccoon
baby raccoon,is a kind of,raccoon
brown lemming,is a kind of,"rat, mouse or vole"
bushy-tailed wood rat,is a kind of,"rat, mouse or vole"
Cascade deer mouse,is a kind of,"rat, mouse or vole"
chestnut-cheeked vole,is a kind of,"rat, mouse or vole"
collared lemming,is a kind of,"rat, mouse or vole"
creeping vole,is a kind of,"rat, mouse or vole"
deer mouse,is a kind of,"rat, mouse or vole"
Gapper's red-backed vole,is a kind of,"rat, mouse or vole"
heather vole,is a kind of,"rat, mouse or vole"
house mouse,is a kind of,"rat, mouse or vole"
long-tailed vole,is a kind of,"rat, mouse or vole"
meadow vole,is a kind of,"rat, mouse or vole"
montane vole,is a kind of,"rat, mouse or vole"
muskrat,is a kind of,"rat, mouse or vole"
northern bog lemming,is a kind of,"rat, mouse or vole"
northern grasshopper mouse,is a kind of,"rat, mouse or vole"
northern red-backed vole,is a kind of,"rat, mouse or vole"
Norway rat,is a kind of,"rat, mouse or vole"
prairie vole,is a kind of,"rat, mouse or vole"
Richardson's water vole,is a kind of,"rat, mouse or vole"
rock vole,is a kind of,"rat, mouse or vole"
roof rat,is a kind of,"rat, mouse or vole"
root vole,is a kind of,"rat, mouse or vole"
sagebrush vole,is a kind of,"rat, mouse or vole"
singing vole,is a kind of,"rat, mouse or vole"
Sitka mouse,is a kind of,"rat, mouse or vole"
southern bog lemming,is a kind of,"rat, mouse or vole"
Townsend's vole,is a kind of,"rat, mouse or vole"
Ungava lemming,is a kind of,"rat, mouse or vole"
western harvest mouse,is a kind of,"rat, mouse or vole"
western red-backed vole,is a kind of,"rat, mouse or vole"
white-footed mouse,is a kind of,"rat, mouse or vole"
woodland vole,is a kind of,"rat, mouse or vole"
adult red fox,is a kind of,red fox
red fox cub,is a kind of,red fox
adult river otter,is a kind of,river otter
baby river otter,is a kind of,river otter
beaver,is a kind of,rodent
coypu,is a kind of,rodent
jumping mouse or jerboa,is a kind of,rodent
mountain beaver,is a kind of,rodent
pocket gopher,is a kind of,rodent
pocket mouse or kangaroo rat,is a kind of,rodent
porcupine,is a kind of,rodent
"rat, mouse or vole",is a kind of,rodent
squirrel,is a kind of,rodent
blue whale,is a kind of,rorqual
fin whale,is a kind of,rorqual
humpback whale,is a kind of,rorqual
Minke whale,is a kind of,rorqual
Sei whale,is a kind of,rorqual
adult sea otter,is a kind of,sea otter
baby sea otter,is a kind of,sea otter
eared seal,is a kind of,seal
true seal,is a kind of,seal
walrus,is a kind of,seal
eared seal,is a kind of,sealion or walrus
true seal,is a kind of,sealion or walrus
walrus,is a kind of,sealion or walrus
bighorn sheep,is a kind of,sheep or goat
bison,is a kind of,sheep or goat
Dall's sheep,is a kind of,sheep or goat
mountain goat,is a kind of,sheep or goat
muskox,is a kind of,sheep or goat
American water shrew,is a kind of,shrew
arctic shrew,is a kind of,shrew
Bendire's shrew,is a kind of,shrew
dusky shrew,is a kind of,shrew
Gaspé shrew,is a kind of,shrew
least shrew,is a kind of,shrew
masked shrew,is a kind of,shrew
pigmy shrew,is a kind of,shrew
short-tailed shrew,is a kind of,shrew
smoky shrew,is a kind of,shrew
Thompson's pigmy shrew,is a kind of,shrew
Trowbridge's shrew,is a kind of,shrew
vagrant shrew,is a kind of,shrew
big brown bat,is a kind of,smooth-faced bat
California bat,is a kind of,smooth-faced bat
eastern pippistrelle,is a kind of,smooth-faced bat
evening bat,is a kind of,smooth-faced bat
fringed bat,is a kind of,smooth-faced bat
hoary bat,is a kind of,smooth-faced bat
Keen's bat,is a kind of,smooth-faced bat
little brown bat,is a kind of,smooth-faced bat
long-eared bat,is a kind of,smooth-faced bat
long-legged bat,is a kind of,smooth-faced bat
pallid bat,is a kind of,smooth-faced bat
red bat,is a kind of,smooth-faced bat
silver-haired bat,is a kind of,smooth-faced bat
small-footed bat,is a kind of,smooth-faced bat
Townsend's big-eared bat,is a kind of,smooth-faced bat
American red squirrel,is a kind of,squirrel
arctic ground squirrel,is a kind of,squirrel
black-tailed prairie dog,is a kind of,squirrel
Columbian ground squirrel,is a kind of,squirrel
Douglas's squirrel,is a kind of,squirrel
eastern chipmunk,is a kind of,squirrel
fox squirrel,is a kind of,squirrel
Franklin's ground squirrel,is a kind of,squirrel
golden-mantled ground squirrel,is a kind of,squirrel
grey squirrel,is a kind of,squirrel
groundhog,is a kind of,squirrel
hoary marmot,is a kind of,squirrel
least chipmunk,is a kind of,squirrel
northern flying squirrel,is a kind of,squirrel
red-tailed chipmunk,is a kind of,squirrel
Richardson's ground squirrel,is a kind of,squirrel
southern flying squirrel,is a kind of,squirrel
thirteen-lined ground squirrel,is a kind of,squirrel
Townsend's chipmunk,is a kind of,squirrel
Vancouver Island marmot,is a kind of,squirrel
yellow pine chipmunk,is a kind of,squirrel
yellow-bellied marmot,is a kind of,squirrel
adult striped skunk,is a kind of,striped skunk
baby striped skunk,is a kind of,striped skunk
adult swift fox,is a kind of,swift fox
swift fox cub,is a kind of,swift fox
beaked whale,is a kind of,toothed whale
dolphin or porpoise,is a kind of,toothed whale
pigmy sperm whale,is a kind of,toothed whale
sperm whale,is a kind of,toothed whale
white whale or narwhal,is a kind of,toothed whale
bearded seal,is a kind of,true seal
grey seal,is a kind of,true seal
harbour seal,is a kind of,true seal
harp seal,is a kind of,true seal
hooded seal,is a kind of,true seal
northern elephant seal,is a kind of,true seal
ringed seal,is a kind of,true seal
badger,is a kind of,weasel
black-footed ferret,is a kind of,weasel
ermine,is a kind of,weasel
fisher,is a kind of,weasel
least weasel,is a kind of,weasel
long-tailed weasel,is a kind of,weasel
marten,is a kind of,weasel
mink,is a kind of,weasel
river otter,is a kind of,weasel
sea otter,is a kind of,weasel
striped skunk,is a kind of,weasel
western spotted skunk,is a kind of,weasel
wolverine,is a kind of,weasel
adult western spotted skunk,is a kind of,western spotted skunk
baby western spotted skunk,is a kind of,western spotted skunk
toothed whale,is a kind of,whale
whalebone whale,is a kind of,whale
bowhead whale,is a kind of,whalebone whale
grey whale,is a kind of,whalebone whale
rorqual,is a kind of,whalebone whale
narwhal,is a kind of,white whale or narwhal
white whale,is a kind of,white whale or narwhal
female white-tailed deer,is a kind of,white-tailed deer
male white-tailed deer,is a kind of,white-tailed deer
white-tailed deer fawn,is a kind of,white-tailed deer
adult wolf,is a kind of,wolf
wolf cub,is a kind of,wolf
adult wolverine,is a kind of,wolverine
baby wolverine,is a kind of,wolverine
grizzly bear cub,is born in,February
grizzly bear cub,is born in,January
barren-ground caribou calf,is born in,May
baby little brown bat,is born in ,June
lynx kitten,is born in ,June
lynx kitten,is born in ,May
muskox,is eaten by,arctic wolf
muskrat,is eaten by,badger
beaver,is eaten by,bear
bison,is eaten by,black bear
coyote,is eaten by,black bear
moose,is eaten by,black bear
mink,is eaten by,black bear
raccoon,is eaten by,bobcat
striped skunk,is eaten by,bobcat
mink,is eaten by,bobcat
western spotted skunk,is eaten by,cat
adult long-tailed weasel,is eaten by,cat
least weasel,is eaten by,cat
bobcat,is eaten by,cougar
bison,is eaten by,cougar
coyote,is eaten by,cougar
moose,is eaten by,cougar
river otter,is eaten by,coyote
beaver,is eaten by,coyote
bobcat,is eaten by,coyote
muskrat,is eaten by,coyote
raccoon,is eaten by,coyote
striped skunk,is eaten by,coyote
adult long-tailed weasel,is eaten by,coyote
mink,is eaten by,coyote
western spotted skunk,is eaten by,dog
adult long-tailed weasel,is eaten by,dog
muskrat,is eaten by,dog
coyote,is eaten by,eagle
muskrat,is eaten by,fisher
striped skunk,is eaten by,fisher
adult long-tailed weasel,is eaten by,fox
muskrat,is eaten by,fox
Arctic fox,is eaten by,golden eagle
striped skunk,is eaten by,great horned owl
mink,is eaten by,great horned owl
raccoon,is eaten by,great horned owl
western spotted skunk,is eaten by,great horned owl
bison,is eaten by,grizzly bear
Arctic fox,is eaten by,grizzly bear
moose,is eaten by,grizzly bear
caribou,is eaten by,human
moose,is eaten by,human
sea otter,is eaten by,killer whale
least weasel,is eaten by,long-tailed weasel 
muskrat,is eaten by,lynx
beaver,is eaten by,lynx
muskrat,is eaten by,mink
muskrat,is eaten by,northern pike
least weasel,is eaten by,owl
muskrat,is eaten by,raccoon
raccoon,is eaten by,red fox
mink,is eaten by,red fox
beaver,is eaten by,river otter
muskrat,is eaten by,snapping turtle
Arctic fox,is eaten by,wolf
beaver,is eaten by,wolf
caribou,is eaten by,wolf
coyote,is eaten by,wolf
moose,is eaten by,wolf
bison,is eaten by,wolf
bobcat,is eaten by,wolf
muskrat,is eaten by,wolf
adult long-tailed weasel,is eaten by,wolf
mink,is eaten by,wolf
river otter,is eaten by,wolf
caribou,is eaten by,wolf
beaver,is eaten by,wolverine
moose,is eaten by,wolverine
muskrat,is eaten by,wolverine
ermine,is killed by,badger
lynx,is killed by,cougar
ermine,is killed by,fisher
ermine,is killed by,fox
ermine,is killed by,hawk
ermine,is killed by,humans
ermine,is killed by,marten
ermine,is killed by,owl
lynx,is killed by,wolf
ermine,is killed by,wolverine
adult badger,is not,agile
female little brown bat,lives in,a colony
caribou,lives in,a herd
muskox,lives in,a herd
muskrat,lives in,a lodge
wolf,lives in,a lodge
mink,lives in,along stream banks
raccoon,lives in,barrel
fisher,lives in,brush pile
ermine,lives in,burrow
wolf,lives in,burrow
raccoon,lives in,burrow
striped skunk,lives in,burrow
western spotted skunk,lives in,burrow
badger,lives in,burrow
red fox,lives in,burrow
least weasel,lives in,burrow
least weasel,lives in,burrow
cougar,lives in,cave
raccoon,lives in,cave
raccoon,lives in,culvert
adult marten,lives in,den
adult raccoon,lives in,den
bobcat,lives in,den
wolf,lives in,den
raccoon,lives in,den
fisher,lives in,den
swift fox,lives in,den
mink,lives in,den
black-footed ferret,lives in,den
western spotted skunk,lives in,den
striped skunk,lives in,den
adult female grey fox,lives in,den
raccoon,lives in,drain pipe
swift fox,lives in,field
ermine,lives in,hollow log
grey fox,lives in,hollow log
raccoon,lives in,hollow log
western spotted skunk,lives in,hollow log
wolf,lives in,hollow log
river otter,lives in,hollow log
cougar,lives in,hollow log
river otter,lives in,lodges
mink,lives in,lodges
wolverine,lives in,log
wolf,lives in,pack
cougar,lives in,rock crevice
fisher,lives in,rock crevice
bobcat,lives in,rock crevice
grey fox,lives in,rock crevice
wolverine,lives in,rock crevice
wolverine,lives in,roots
river otter,lives in,roots
bobcat,lives in,stump
grey fox,lives in,stump
raccoon,lives in,stump
western spotted skunk,lives in,stump
river otter,lives in,stump
adult marten,lives in,tree
western spotted skunk,lives in,tree
cougar,lives in,tree
ermine,lives in,under building
adult river otter,makes nest of,bark
ermine,makes nest of,feathers
ermine,makes nest of,fur
ermine,makes nest of,grass
adult wolverine,makes nest of,grass
adult wolverine,makes nest of,leaves
adult river otter,makes nest of,leaves
ermine,makes nest of,leaves
adult wolf,makes sound,bark
adult wolverine,makes sound,bark
coyote,makes sound,bark
California sealion,makes sound,bark
walrus,makes sound,bark
adult river otter,makes sound,chuckle
adult mink,makes sound,cooing
adult striped skunk,makes sound,cooing
adult swift fox,makes sound,croak
adult cougar,makes sound,cry
adult cougar,makes sound,growl
adult swift fox,makes sound,growl
adult wolverine,makes sound,growl
coyote,makes sound,growl
adult striped skunk,makes sound,growl
adult river otter,makes sound,grunt
adult western spotted skunk,makes sound,grunt
adult cougar,makes sound,hiss
adult wolverine,makes sound,hiss
adult mink,makes sound,hiss
adult striped skunk,makes sound,hiss
adult wolf,makes sound,howl
coyote,makes sound,howl
adult cougar,makes sound,purr
adult swift fox,makes sound,purr
adult mink,makes sound,scream
adult western spotted skunk,makes sound,screech
adult least weasel,makes sound,shrill whistle
adult river otter,makes sound,shrill whistle
adult wolf,makes sound,snarl
coyote,makes sound,squeal
adult striped skunk,makes sound,squeal
coyote,makes sound,wail
adult swift fox,makes sound,whine
adult wolf,makes sound,whine
adult swift fox,makes sound,yap
adult wolf,makes sound,yelp
coyote,makes sound,yelp
adult red fox,males sound,yap
moose,mat,have parasites
mammal,may,catch rabies
black bear,may,have parasites
adult male cougar,may kill,cougar kitten
adult male swift fox,may mate with,two adult female swift foxes
adult wolf,may migrate,to follow game
adult male river otter,may not breed successfully,until he is 6-7 years old
adult female grey fox,may share den with,adult female grey fox
adult striped skunk,moults in,April
adult swift fox,moults in,April
adult long-tailed weasel,moults in,April
adult wolf,moults in,April
adult ermine,moults in,April
adult lynx,moults in,April
adult polar bear,moults in,August
adult long-tailed weasel,moults in,December
adult long-tailed weasel,moults in,February
adult swift fox,moults in,July
adult marten,moults in,July
adult polar bear,moults in,July
adult raccoon,moults in,July
adult swift fox,moults in,June
adult marten,moults in,June
adult polar bear,moults in,June
adult raccoon,moults in,June
adult long-tailed weasel,moults in,March
adult ermine,moults in,March
adult striped skunk,moults in,May
adult swift fox,moults in,May
adult polar bear,moults in,May
adult wolf,moults in,May
adult lynx,moults in,May
adult striped skunk,moults in,November
adult long-tailed weasel,moults in,November
adult ermine,moults in,November
adult lynx,moults in,November
adult striped skunk,moults in,October
adult long-tailed weasel,moults in,October
adult ermine,moults in,October
adult lynx,moults in,October
adult striped skunk,moults in,September
bull moose,sheds,antlers
caribou bull,sheds,antlers
muskox,sheds,undercoat
adult sea otter,sleeps,on it back in patches of kelp
black bear,sleeps in,a den during the winter
grizzly bear,sleeps in,a den during the winter
adult striped skunk,sprays,when in danger
adult western spotted skunk,sprays,when in danger
baby fisher,stays with,its mother
baby raccoon,stays with,its mother
baby wolverine,stays with,its mother
black bear cub,stays with,its mother
bobcat kitten,stays with,its mother
cougar kitten,stays with,its mother
grizzly bear cub,stays with,its mother
moose calf,stays with,its mother
polar bear cub,stays with,its mother
red fox cub,stays with,its mother
adult ermine,stores,food in larder
adult least weasel,stores,food in larder
female mammal,suckles,babies
adult female raccoon,teaches,babies
adult female river otter,teaches,babies
bat,uses,echolocation to find prey
sea otter,uses,flat stone as an anvil for pounding mussel shells to open them
beaver,uses,its tail as a rudder when swimming
bobcat,uses,well-traveled paths
